{"sidebar-primary":{"search-2":{"title":""},"recent-posts-2":{"title":"","number":5},"recent-comments-2":{"title":"","number":5}},"sidebar-secondary":{"archives-2":{"title":"","count":0,"dropdown":0},"categories-2":{"title":"","count":0,"hierarchical":0,"dropdown":0},"meta-2":{"title":""}},"footer1":{"text-2":{"title":"Office","text":"653 Jett Lane, Suite 50,\r\nBeverly Hills, CA 90210\r\n\r\n<strong>Hours<\/strong> Mon - Fri 7:30AM-10:30PM PST","filter":true,"visual":true}},"footer2":{"text-3":{"title":"","text":"<a href=\"#\">Privacy Policy<\/a>\u00a0 |\u00a0 <a href=\"#\">Disclaimer<\/a>","filter":true,"visual":true}},"footer3":{"text-4":{"title":"Alan Dunkan","text":"Lorem ipsum dolor sit amet, consectetur adipiscing elit. Sed non sem congue, dapibus mauris quis, tincidunt mi. Aenean sollicitudin quis erat sed accumsan. Vestibulum eget felis purus. Phasellus vehicula orci at luctus mattis. Praesent dictum enim eget tortor sodales porta. Curabitur euismod sapien id dui dapibus bibendum.","filter":true,"visual":true}}}